;S&P 500;Gold;USD Index Spot Rate;US 10YR TR (approx)
S&P 500;1.0;0.12784117047156263;-0.3312702343726117;0.0792775198749507
Gold;0.12784117047156263;1.0;-0.3785819239466143;-0.023844308772914994
USD Index Spot Rate;-0.3312702343726117;-0.3785819239466143;1.0;-0.16225863057685652
US 10YR TR (approx);0.0792775198749507;-0.023844308772914994;-0.16225863057685652;1.0
