;S&P 500;Gold;USD Index Spot Rate;US 10YR TR (approx)
S&P 500;1.0;-0.017883174033945234;-0.2550784533592164;0.24550680632965854
Gold;-0.017883174033945234;1.0;-0.23142767513566936;0.02946889888838803
USD Index Spot Rate;-0.2550784533592164;-0.23142767513566936;1.0;-0.2755591079954116
US 10YR TR (approx);0.24550680632965854;0.02946889888838803;-0.2755591079954116;1.0
