;S&P 500;Gold;USD Index Spot Rate;US 10YR TR (approx)
S&P 500;1.0;-0.2484553419950996;-0.06897962723221389;0.005758916717172964
Gold;-0.2484553419950996;1.0;-0.40324181922187907;0.06386440807511987
USD Index Spot Rate;-0.06897962723221389;-0.40324181922187907;1.0;-0.24361403563642442
US 10YR TR (approx);0.005758916717172964;0.06386440807511987;-0.24361403563642442;1.0
