;S&P 500;Gold;USD Index Spot Rate;US 10YR TR (approx)
S&P 500;1.0;-0.20506157179545503;0.18615706421204223;-0.015186051279099598
Gold;-0.20506157179545503;1.0;-0.5895246296193509;0.016994391219890576
USD Index Spot Rate;0.18615706421204223;-0.5895246296193509;1.0;0.028663200300520632
US 10YR TR (approx);-0.015186051279099598;0.016994391219890576;0.028663200300520632;1.0
