;S&P 500;Gold;USD Index Spot Rate;US 10YR TR (approx)
S&P 500;1.0;0.11734087140848923;-0.2320684258638128;0.13176944826250406
Gold;0.11734087140848923;1.0;-0.36957348464821843;0.19143703104971757
USD Index Spot Rate;-0.2320684258638128;-0.36957348464821843;1.0;-0.27361005029227053
US 10YR TR (approx);0.13176944826250406;0.19143703104971757;-0.27361005029227053;1.0
